FirstObservedMonth,CohortIndex,RetainedCustomers,CohortSize,RetentionPct
2010-12,0,857,857,100.00
2010-12,1,310,857,36.17
2010-12,2,276,857,32.21
2010-12,3,321,857,37.46
2010-12,4,305,857,35.59
2010-12,5,344,857,40.14
2010-12,6,307,857,35.82
2010-12,7,293,857,34.19
2010-12,8,295,857,34.42
2010-12,9,332,857,38.74
2010-12,10,316,857,36.87
2010-12,11,430,857,50.18
2010-12,12,224,857,26.14
2011-01,0,409,409,100.00
2011-01,1,87,409,21.27
2011-01,2,111,409,27.14
2011-01,3,91,409,22.25
2011-01,4,128,409,31.30
2011-01,5,116,409,28.36
2011-01,6,100,409,24.45
2011-01,7,100,409,24.45
2011-01,8,123,409,30.07
2011-01,9,133,409,32.52
2011-01,10,148,409,36.19
2011-01,11,49,409,11.98
2011-02,0,368,368,100.00
2011-02,1,66,368,17.93
2011-02,2,70,368,19.02
2011-02,3,106,368,28.80
2011-02,4,102,368,27.72
2011-02,5,92,368,25.00
2011-02,6,92,368,25.00
2011-02,7,99,368,26.90
2011-02,8,93,368,25.27
2011-02,9,115,368,31.25
2011-02,10,24,368,6.52
2011-03,0,451,451,100.00
2011-03,1,66,451,14.63
2011-03,2,110,451,24.39
2011-03,3,89,451,19.73
2011-03,4,104,451,23.06
2011-03,5,76,451,16.85
2011-03,6,120,451,26.61
2011-03,7,104,451,23.06
2011-03,8,121,451,26.83
2011-03,9,38,451,8.43
2011-04,0,294,294,100.00
2011-04,1,63,294,21.43
2011-04,2,60,294,20.41
2011-04,3,60,294,20.41
2011-04,4,57,294,19.39
2011-04,5,69,294,23.47
2011-04,6,65,294,22.11
2011-04,7,75,294,25.51
2011-04,8,22,294,7.48
2011-05,0,279,279,100.00
2011-05,1,56,279,20.07
2011-05,2,49,279,17.56
2011-05,3,49,279,17.56
2011-05,4,59,279,21.15
2011-05,5,66,279,23.66
2011-05,6,74,279,26.52
2011-05,7,27,279,9.68
2011-06,0,235,235,100.00
2011-06,1,40,235,17.02
2011-06,2,35,235,14.89
2011-06,3,62,235,26.38
2011-06,4,53,235,22.55
2011-06,5,77,235,32.77
2011-06,6,23,235,9.79
2011-07,0,191,191,100.00
2011-07,1,32,191,16.75
2011-07,2,42,191,21.99
2011-07,3,44,191,23.04
2011-07,4,52,191,27.23
2011-07,5,23,191,12.04
2011-08,0,166,166,100.00
2011-08,1,31,166,18.67
2011-08,2,40,166,24.10
2011-08,3,41,166,24.70
2011-08,4,22,166,13.25
2011-09,0,296,296,100.00
2011-09,1,70,296,23.65
2011-09,2,90,296,30.41
2011-09,3,34,296,11.49
2011-10,0,357,357,100.00
2011-10,1,87,357,24.37
2011-10,2,41,357,11.48
2011-11,0,318,318,100.00
2011-11,1,35,318,11.01
2011-12,0,40,40,100.00
