WeekStart,All products,85123A,22423,47566,84879,85099B
2010-12-06,66667,797,296,138,405,210
2010-12-13,62439,644,299,24,438,300
2010-12-20,16261,190,87,15,40,62
2010-12-27,0,0,0,0,0,0
2011-01-03,44882,594,237,82,320,170
2011-01-10,38559,384,222,58,250,177
2011-01-17,36544,294,106,58,123,145
2011-01-24,45661,435,217,162,176,192
2011-01-31,38788,449,139,114,297,335
2011-02-07,28029,265,119,83,152,166
2011-02-14,42170,203,249,71,340,187
2011-02-21,49347,307,125,136,264,172
2011-02-28,42541,274,186,150,189,252
2011-03-07,42099,259,149,139,306,221
2011-03-14,47731,395,283,370,328,199
2011-03-21,48892,347,280,169,375,294
2011-03-28,52852,372,300,266,305,184
2011-04-04,46784,371,256,317,425,228
2011-04-11,57705,410,286,447,591,200
2011-04-18,38763,339,151,330,284,190
2011-04-25,32751,222,159,187,248,262
2011-05-02,51701,557,166,423,506,342
2011-05-09,61197,660,219,441,593,246
2011-05-16,69185,624,286,575,467,461
2011-05-23,44489,321,158,432,405,198
2011-05-30,37932,151,138,276,368,153
2011-06-06,57013,385,183,441,212,423
2011-06-13,54397,258,154,412,278,231
2011-06-20,49509,199,132,300,270,216
2011-06-27,36012,188,72,188,188,188
2011-07-04,48519,181,92,415,364,319
2011-07-11,50304,323,168,326,362,215
2011-07-18,65346,420,252,356,415,292
2011-07-25,59538,294,143,368,438,320
2011-08-01,58106,369,165,192,376,341
2011-08-08,48177,400,164,264,291,251
2011-08-15,59844,295,202,271,332,441
2011-08-22,62864,211,161,276,370,405
2011-08-29,43108,273,128,141,208,344
2011-09-05,71110,364,139,153,472,325
2011-09-12,73616,272,214,154,420,388
2011-09-19,97180,280,133,123,533,412
2011-09-26,87292,335,140,195,471,396
2011-10-03,92589,160,186,144,509,350
2011-10-10,85380,245,202,77,420,341
2011-10-17,88704,227,195,76,453,320
2011-10-24,91546,305,130,70,449,263
2011-10-31,98312,479,193,79,720,358
2011-11-07,111304,445,145,115,524,545
2011-11-14,114444,455,157,106,782,489
2011-11-21,102550,372,223,125,605,301
2011-11-28,100783,366,121,71,601,381
