Month,Country,Revenue,Orders,ActiveCustomers,Units,Year,FirstObservedMonthRevenue,ReturningLaterMonthRevenue,AOV
2010-12,Australia,989.65,3,2,347,2010,989.65,0.00,329.88
2010-12,Austria,157.20,1,1,48,2010,157.20,0.00,157.20
2010-12,Belgium,1436.71,5,4,1282,2010,1436.71,0.00,287.34
2010-12,Channel Islands,313.53,1,1,79,2010,313.53,0.00,313.53
2010-12,Cyprus,1365.22,1,1,757,2010,1365.22,0.00,1365.22
2010-12,Denmark,1087.10,1,1,326,2010,1087.10,0.00,1087.10
2010-12,EIRE,8103.24,15,3,3485,2010,8103.24,0.00,540.22
2010-12,Finland,163.20,1,1,192,2010,163.20,0.00,163.20
2010-12,France,8125.43,20,15,4480,2010,8125.43,0.00,406.27
2010-12,Germany,13087.74,29,18,6440,2010,13087.74,0.00,451.30
2010-12,Iceland,711.79,1,1,319,2010,711.79,0.00,711.79
2010-12,Italy,650.50,2,2,290,2010,650.50,0.00,325.25
2010-12,Japan,2565.11,2,2,1233,2010,2565.11,0.00,1282.55
2010-12,Lithuania,1661.06,4,1,652,2010,1661.06,0.00,415.26
2010-12,Netherlands,1718.00,2,1,561,2010,1718.00,0.00,859.00
2010-12,Norway,3382.96,2,1,3198,2010,3382.96,0.00,1691.48
2010-12,Poland,248.16,1,1,140,2010,248.16,0.00,248.16
2010-12,Portugal,2047.97,6,6,970,2010,2047.97,0.00,341.33
2010-12,Spain,1083.73,3,3,462,2010,1083.73,0.00,361.24
2010-12,Sweden,248.70,1,1,90,2010,248.70,0.00,248.70
2010-12,Switzerland,1224.92,2,2,712,2010,1224.92,0.00,612.46
2010-12,United Kingdom,363494.51,1230,790,171652,2010,363494.51,0.00,295.52
2011-01,Australia,2997.03,7,6,1264,2011,2612.35,384.68,428.15
2011-01,Belgium,1028.36,3,3,640,2011,195.60,832.76,342.79
2011-01,Channel Islands,675.58,1,1,259,2011,675.58,0.00,675.58
2011-01,Cyprus,547.50,1,1,144,2011,547.50,0.00,547.50
2011-01,EIRE,3481.27,7,2,1478,2011,0.00,3481.27,497.32
2011-01,Finland,357.90,2,2,114,2011,337.50,20.40,178.95
2011-01,France,13578.84,27,23,7248,2011,6800.48,6778.36,502.92
2011-01,Germany,15119.60,31,28,8685,2011,9968.85,5150.75,487.73
2011-01,Greece,2661.24,1,1,526,2011,2661.24,0.00,2661.24
2011-01,Iceland,475.39,1,1,315,2011,0.00,475.39,475.39
2011-01,Italy,2066.51,3,3,1109,2011,2066.51,0.00,688.84
2011-01,Lebanon,1693.88,1,1,386,2011,1693.88,0.00,1693.88
2011-01,Netherlands,5506.00,4,2,2472,2011,119.48,5386.52,1376.50
2011-01,Poland,613.22,1,1,288,2011,0.00,613.22,613.22
2011-01,Portugal,3227.59,4,4,1695,2011,1695.50,1532.09,806.90
2011-01,Singapore,1903.31,1,1,847,2011,1903.31,0.00,1903.31
2011-01,Spain,6276.97,7,6,2823,2011,5184.87,1092.10,896.71
2011-01,Sweden,894.96,2,2,420,2011,347.56,547.40,447.48
2011-01,Switzerland,3517.39,3,3,2580,2011,2405.67,1111.72,1172.46
2011-01,United Kingdom,273345.19,838,628,140849,2011,126924.90,146420.29,326.19
2011-02,Australia,2762.34,5,4,616,2011,0.00,2762.34,552.47
2011-02,Austria,438.36,2,2,340,2011,438.36,0.00,219.18
2011-02,Belgium,1926.07,8,7,1085,2011,967.15,958.92,240.76
2011-02,Channel Islands,668.16,1,1,192,2011,668.16,0.00,668.16
2011-02,Cyprus,3497.83,4,4,1405,2011,1658.92,1838.91,874.46
2011-02,Czech Republic,549.26,1,1,346,2011,549.26,0.00,549.26
2011-02,Denmark,363.22,1,1,222,2011,363.22,0.00,363.22
2011-02,EIRE,7838.16,9,2,2926,2011,0.00,7838.16,870.91
2011-02,Finland,165.16,1,1,140,2011,165.16,0.00,165.16
2011-02,France,7493.12,21,17,4938,2011,2649.54,4843.58,356.82
2011-02,Germany,7433.93,19,17,3163,2011,3046.22,4387.71,391.26
2011-02,Israel,779.10,1,1,286,2011,779.10,0.00,779.10
2011-02,Italy,228.00,1,1,110,2011,0.00,228.00,228.00
2011-02,Japan,2955.09,2,2,1051,2011,45.57,2909.52,1477.54
2011-02,Netherlands,4580.15,5,2,1951,2011,184.45,4395.70,916.03
2011-02,Norway,590.90,2,2,294,2011,590.90,0.00,295.45
2011-02,Poland,604.05,2,2,297,2011,266.85,337.20,302.02
2011-02,Portugal,1017.90,2,2,551,2011,212.25,805.65,508.95
2011-02,Saudi Arabia,145.92,1,1,80,2011,145.92,0.00,145.92
2011-02,Spain,1722.50,4,4,856,2011,1461.52,260.98,430.62
2011-02,Sweden,469.50,1,1,249,2011,469.50,0.00,469.50
2011-02,Switzerland,2260.80,5,4,968,2011,2260.80,0.00,452.16
2011-02,United Arab Emirates,781.24,1,1,352,2011,781.24,0.00,781.24
2011-02,United Kingdom,269401.23,849,652,134937,2011,121047.38,148353.85,317.32
2011-03,Australia,4427.91,3,3,727,2011,286.25,4141.66,1475.97
2011-03,Austria,513.24,2,2,156,2011,513.24,0.00,256.62
2011-03,Belgium,2850.98,9,8,1560,2011,1746.06,1104.92,316.78
2011-03,Canada,140.54,1,1,88,2011,140.54,0.00,140.54
2011-03,Channel Islands,3509.33,3,3,2104,2011,3509.33,0.00,1169.78
2011-03,Cyprus,817.43,1,1,429,2011,0.00,817.43,817.43
2011-03,Denmark,3095.55,1,1,519,2011,3095.55,0.00,3095.55
2011-03,EIRE,12351.37,19,3,5251,2011,0.00,12351.37,650.07
2011-03,Finland,4865.62,4,1,2521,2011,4865.62,0.00,1216.40
2011-03,France,9884.47,25,17,5712,2011,2313.76,7570.71,395.38
2011-03,Germany,11201.89,30,23,6598,2011,2648.30,8553.59,373.40
2011-03,Greece,387.31,1,1,289,2011,387.31,0.00,387.31
2011-03,Italy,1676.81,3,3,683,2011,1397.31,279.50,558.94
2011-03,Japan,48.90,3,3,21,2011,17.55,31.35,16.30
2011-03,Netherlands,6009.65,8,4,2042,2011,414.80,5594.85,751.21
2011-03,Norway,345.01,3,1,151,2011,0.00,345.01,115.00
2011-03,Poland,317.78,1,1,162,2011,0.00,317.78,317.78
2011-03,Portugal,2474.05,4,4,1548,2011,1867.93,606.12,618.51
2011-03,Spain,4122.65,8,8,2074,2011,1557.10,2565.55,515.33
2011-03,Sweden,618.10,2,2,246,2011,0.00,618.10,309.05
2011-03,Switzerland,1230.95,2,2,667,2011,780.17,450.78,615.48
2011-03,United Kingdom,352365.89,1127,857,180849,2011,155128.61,197237.28,312.66
2011-04,Australia,421.60,1,1,224,2011,0.00,421.60,421.60
2011-04,Austria,584.78,2,2,308,2011,0.00,584.78,292.39
2011-04,Belgium,1788.48,6,6,1170,2011,746.06,1042.42,298.08
2011-04,Brazil,1143.60,1,1,356,2011,1143.60,0.00,1143.60
2011-04,Channel Islands,243.00,1,1,96,2011,243.00,0.00,243.00
2011-04,EIRE,5566.50,11,2,3129,2011,0.00,5566.50,506.05
2011-04,European Community,155.40,1,1,32,2011,155.40,0.00,155.40
2011-04,Finland,788.92,4,4,490,2011,0.00,788.92,197.23
2011-04,France,3647.31,11,11,2025,2011,1282.29,2365.02,331.57
2011-04,Germany,10002.87,22,19,4950,2011,1628.03,8374.84,454.68
2011-04,Greece,509.74,1,1,260,2011,509.74,0.00,509.74
2011-04,Iceland,386.65,1,1,243,2011,0.00,386.65,386.65
2011-04,Italy,496.39,2,2,317,2011,278.79,217.60,248.20
2011-04,Japan,2654.70,1,1,898,2011,0.00,2654.70,2654.70
2011-04,Netherlands,587.20,2,1,250,2011,0.00,587.20,293.60
2011-04,Poland,629.52,1,1,360,2011,0.00,629.52,629.52
2011-04,Portugal,1626.55,2,2,879,2011,0.00,1626.55,813.28
2011-04,Singapore,1714.10,1,1,780,2011,0.00,1714.10,1714.10
2011-04,Spain,1645.65,3,3,948,2011,1293.35,352.30,548.55
2011-04,Sweden,649.10,2,2,306,2011,366.10,283.00,324.55
2011-04,Switzerland,1398.94,2,2,678,2011,1398.94,0.00,699.47
2011-04,USA,383.95,1,1,137,2011,383.95,0.00,383.95
2011-04,United Kingdom,305616.81,999,759,165795,2011,99812.13,205804.68,305.92
2011-04,Unspecified,299.10,1,1,282,2011,299.10,0.00,299.10
2011-05,Australia,4934.13,4,2,1395,2011,0.00,4934.13,1233.53
2011-05,Austria,1049.43,2,2,471,2011,923.58,125.85,524.72
2011-05,Bahrain,353.40,2,2,104,2011,353.40,0.00,176.70
2011-05,Belgium,2439.60,9,7,1741,2011,970.71,1468.89,271.07
2011-05,Channel Islands,914.24,1,1,223,2011,0.00,914.24,914.24
2011-05,Denmark,479.70,1,1,366,2011,0.00,479.70,479.70
2011-05,EIRE,14131.15,18,3,5246,2011,0.00,14131.15,785.06
2011-05,France,14383.60,36,27,8170,2011,5697.96,8685.64,399.54
2011-05,Germany,18122.80,41,27,9741,2011,6020.55,12102.25,442.02
2011-05,Italy,587.45,1,1,267,2011,0.00,587.45,587.45
2011-05,Japan,1073.05,1,1,359,2011,1073.05,0.00,1073.05
2011-05,Netherlands,7460.46,7,4,2034,2011,438.02,7022.44,1065.78
2011-05,Poland,1402.37,3,3,613,2011,495.36,907.01,467.46
2011-05,Portugal,602.83,1,1,311,2011,602.83,0.00,602.83
2011-05,Spain,2697.60,4,3,1448,2011,0.00,2697.60,674.40
2011-05,Sweden,299.10,3,2,96,2011,0.00,299.10,99.70
2011-05,Switzerland,3385.81,3,3,2125,2011,315.30,3070.51,1128.60
2011-05,United Kingdom,408495.78,1339,939,201185,2011,85114.78,323381.00,305.08
2011-05,Unspecified,852.68,1,1,654,2011,852.68,0.00,852.68
2011-06,Australia,5501.73,3,2,1885,2011,1302.32,4199.41,1833.91
2011-06,Belgium,3778.62,11,11,2109,2011,2157.26,1621.36,343.51
2011-06,Canada,1110.98,1,1,804,2011,1110.98,0.00,1110.98
2011-06,Channel Islands,2060.03,1,1,836,2011,0.00,2060.03,2060.03
2011-06,Cyprus,1109.32,1,1,356,2011,0.00,1109.32,1109.32
2011-06,Denmark,2918.15,3,3,1433,2011,1954.75,963.40,972.72
2011-06,EIRE,13106.97,24,2,6071,2011,0.00,13106.97,546.12
2011-06,European Community,387.05,1,1,127,2011,0.00,387.05,387.05
2011-06,Finland,289.56,1,1,156,2011,289.56,0.00,289.56
2011-06,France,12114.09,29,25,6813,2011,1819.89,10294.20,417.73
2011-06,Germany,11812.62,24,21,6818,2011,1896.34,9916.28,492.19
2011-06,Iceland,382.52,1,1,196,2011,0.00,382.52,382.52
2011-06,Italy,202.07,2,2,55,2011,0.00,202.07,101.04
2011-06,Malta,703.16,2,1,398,2011,703.16,0.00,351.58
2011-06,Netherlands,5677.65,11,5,2265,2011,397.58,5280.07,516.15
2011-06,Norway,5105.26,3,2,1912,2011,5105.26,0.00,1701.75
2011-06,Poland,263.65,2,2,79,2011,238.65,25.00,131.82
2011-06,Portugal,800.46,3,3,418,2011,405.31,395.15,266.82
2011-06,Spain,2717.21,8,8,1516,2011,169.08,2548.13,339.65
2011-06,Sweden,676.00,3,3,399,2011,310.50,365.50,225.33
2011-06,Switzerland,5402.99,4,4,2013,2011,4065.92,1337.07,1350.75
2011-06,United Kingdom,340725.73,1191,864,182297,2011,58588.56,282137.17,286.08
2011-06,Unspecified,185.78,1,1,78,2011,0.00,185.78,185.78
2011-07,Australia,2347.06,6,3,1082,2011,0.00,2347.06,391.18
2011-07,Austria,1111.95,2,2,571,2011,1111.95,0.00,555.98
2011-07,Belgium,2092.61,5,4,1317,2011,1109.81,982.80,418.52
2011-07,Canada,1217.64,1,1,1026,2011,0.00,1217.64,1217.64
2011-07,Denmark,358.24,1,1,240,2011,0.00,358.24,358.24
2011-07,EIRE,16911.99,21,3,8004,2011,0.00,16911.99,805.33
2011-07,European Community,616.80,1,1,331,2011,0.00,616.80,616.80
2011-07,Finland,2166.73,3,3,1187,2011,1390.39,776.34,722.24
2011-07,France,8167.95,22,18,4757,2011,1040.32,7127.63,371.27
2011-07,Germany,14253.90,31,26,8371,2011,4412.38,9841.52,459.80
2011-07,Greece,321.24,1,1,242,2011,0.00,321.24,321.24
2011-07,Israel,1430.75,1,1,633,2011,0.00,1430.75,1430.75
2011-07,Italy,147.10,1,1,22,2011,0.00,147.10,147.10
2011-07,Japan,2385.08,1,1,1032,2011,0.00,2385.08,2385.08
2011-07,Netherlands,11.02,1,1,9,2011,0.00,11.02,11.02
2011-07,Norway,767.19,1,1,535,2011,767.19,0.00,767.19
2011-07,Poland,607.30,2,2,286,2011,0.00,607.30,303.65
2011-07,Portugal,2094.25,3,3,1336,2011,0.00,2094.25,698.08
2011-07,Singapore,3631.80,1,1,1728,2011,0.00,3631.80,3631.80
2011-07,Spain,2682.52,9,7,1500,2011,312.90,2369.62,298.06
2011-07,Sweden,1415.45,3,2,555,2011,0.00,1415.45,471.82
2011-07,Switzerland,2865.05,5,4,1315,2011,626.88,2238.17,573.01
2011-07,United Kingdom,342278.65,1143,840,196181,2011,53660.43,288618.22,299.46
2011-07,Unspecified,798.48,3,2,590,2011,798.48,0.00,266.16
2011-08,Australia,2851.44,2,2,1018,2011,0.00,2851.44,1425.72
2011-08,Austria,1436.08,2,2,788,2011,981.38,454.70,718.04
2011-08,Belgium,3140.02,9,8,2042,2011,578.92,2561.10,348.89
2011-08,Canada,51.56,1,1,52,2011,51.56,0.00,51.56
2011-08,Channel Islands,3464.78,4,3,1209,2011,759.56,2705.22,866.20
2011-08,Denmark,195.15,1,1,337,2011,195.15,0.00,195.15
2011-08,EIRE,13106.26,16,2,6434,2011,0.00,13106.26,819.14
2011-08,Finland,1096.50,3,2,686,2011,0.00,1096.50,365.50
2011-08,France,10458.48,26,22,6356,2011,1974.46,8484.02,402.25
2011-08,Germany,16342.09,36,27,8361,2011,2447.50,13894.59,453.95
2011-08,Iceland,584.91,1,1,277,2011,0.00,584.91,584.91
2011-08,Israel,4262.53,1,1,2372,2011,4262.53,0.00,4262.53
2011-08,Italy,1818.07,4,3,1070,2011,1104.25,713.82,454.52
2011-08,Malta,1079.00,2,2,381,2011,905.50,173.50,539.50
2011-08,Netherlands,6978.65,4,1,2448,2011,0.00,6978.65,1744.66
2011-08,Norway,1505.81,2,2,623,2011,1028.74,477.07,752.90
2011-08,Poland,361.80,2,2,185,2011,361.80,0.00,180.90
2011-08,Portugal,1221.40,1,1,1026,2011,0.00,1221.40,1221.40
2011-08,Spain,2847.91,9,6,1524,2011,0.00,2847.91,316.43
2011-08,Sweden,548.86,3,3,348,2011,419.76,129.10,182.95
2011-08,Switzerland,4829.41,3,3,2708,2011,4829.41,0.00,1609.80
2011-08,United Kingdom,350122.14,1068,805,198654,2011,51726.90,298395.24,327.83
2011-08,Unspecified,531.03,2,2,185,2011,0.00,531.03,265.52
2011-09,Australia,2174.13,7,6,1195,2011,0.00,2174.13,310.59
2011-09,Belgium,3608.62,6,6,1697,2011,504.84,3103.78,601.44
2011-09,Channel Islands,1242.15,2,2,668,2011,0.00,1242.15,621.08
2011-09,Cyprus,196.35,1,1,33,2011,0.00,196.35,196.35
2011-09,Denmark,3357.76,3,3,868,2011,0.00,3357.76,1119.25
2011-09,EIRE,25428.69,33,2,10992,2011,0.00,25428.69,770.57
2011-09,Finland,635.45,3,3,294,2011,190.30,445.15,211.82
2011-09,France,20987.98,44,35,11815,2011,4030.11,16957.87,477.00
2011-09,Germany,14904.36,41,31,9148,2011,2164.79,12739.57,363.52
2011-09,Italy,279.80,1,1,48,2011,0.00,279.80,279.80
2011-09,Japan,50.88,1,1,72,2011,50.88,0.00,50.88
2011-09,Netherlands,8841.38,7,2,3134,2011,0.00,8841.38,1263.05
2011-09,Norway,6211.34,6,5,2812,2011,2891.79,3319.55,1035.22
2011-09,Poland,489.25,2,2,252,2011,0.00,489.25,244.62
2011-09,Portugal,1377.22,3,3,897,2011,1377.22,0.00,459.07
2011-09,Spain,4449.72,8,6,2561,2011,1489.51,2960.21,556.22
2011-09,Sweden,502.97,3,3,318,2011,0.00,502.97,167.66
2011-09,Switzerland,5378.54,5,4,2556,2011,0.00,5378.54,1075.71
2011-09,United Arab Emirates,975.54,1,1,485,2011,975.54,0.00,975.54
2011-09,United Kingdom,556313.87,1492,1117,306305,2011,116428.94,439884.93,372.86
2011-10,Australia,5345.33,3,2,1429,2011,0.00,5345.33,1781.78
2011-10,Austria,923.78,1,1,488,2011,0.00,923.78,923.78
2011-10,Belgium,4698.38,11,9,2357,2011,0.00,4698.38,427.13
2011-10,Channel Islands,2410.92,4,2,1335,2011,0.00,2410.92,602.73
2011-10,Cyprus,4401.35,4,4,1319,2011,588.87,3812.48,1100.34
2011-10,Czech Republic,195.72,1,1,180,2011,0.00,195.72,195.72
2011-10,Denmark,824.20,3,3,345,2011,391.70,432.50,274.73
2011-10,EIRE,19209.92,30,2,10574,2011,0.00,19209.92,640.33
2011-10,Finland,1996.12,5,5,1028,2011,1697.32,298.80,399.22
2011-10,France,16998.57,32,26,9314,2011,5407.44,11591.13,531.21
2011-10,Germany,25118.46,55,38,14303,2011,3177.23,21941.23,456.70
2011-10,Iceland,1294.32,1,1,676,2011,0.00,1294.32,1294.32
2011-10,Israel,138.03,2,1,99,2011,138.03,0.00,69.02
2011-10,Italy,3185.69,6,5,1393,2011,1367.14,1818.55,530.95
2011-10,Japan,229.64,1,1,164,2011,229.64,0.00,229.64
2011-10,Netherlands,6836.97,11,4,2332,2011,76.85,6760.12,621.54
2011-10,Norway,3052.49,5,4,1225,2011,216.40,2836.09,610.50
2011-10,Portugal,5022.92,7,5,3137,2011,752.47,4270.45,717.56
2011-10,RSA,1002.31,1,1,351,2011,1002.31,0.00,1002.31
2011-10,Singapore,839.32,1,1,237,2011,0.00,839.32,839.32
2011-10,Spain,6858.86,8,7,3384,2011,2916.59,3942.27,857.36
2011-10,Sweden,562.60,2,2,268,2011,0.00,562.60,281.30
2011-10,Switzerland,6777.37,5,5,4269,2011,2963.62,3813.75,1355.47
2011-10,USA,2311.20,2,2,1717,2011,2311.20,0.00,1155.60
2011-10,United Kingdom,586453.14,1624,1210,315130,2011,126515.02,459938.12,361.12
2011-11,Australia,1555.64,3,2,598,2011,0.00,1555.64,518.55
2011-11,Austria,1209.78,2,2,714,2011,622.93,586.85,604.89
2011-11,Belgium,5514.16,11,8,2453,2011,0.00,5514.16,501.29
2011-11,Channel Islands,1464.77,3,2,715,2011,0.00,1464.77,488.26
2011-11,Cyprus,460.89,1,1,300,2011,460.89,0.00,460.89
2011-11,Denmark,2699.57,2,2,1537,2011,0.00,2699.57,1349.78
2011-11,EIRE,23164.43,39,2,11021,2011,0.00,23164.43,593.96
2011-11,Finland,1475.60,7,5,638,2011,0.00,1475.60,210.80
2011-11,France,26293.10,61,38,14834,2011,1717.93,24575.17,431.03
2011-11,Germany,21786.42,62,41,11294,2011,1859.52,19926.90,351.39
2011-11,Italy,3681.40,8,8,1638,2011,1791.80,1889.60,460.18
2011-11,Japan,2766.60,1,1,730,2011,0.00,2766.60,2766.60
2011-11,Malta,288.43,1,1,179,2011,0.00,288.43,288.43
2011-11,Netherlands,5434.65,13,4,1568,2011,0.00,5434.65,418.05
2011-11,Norway,5354.14,5,5,2484,2011,0.00,5354.14,1070.83
2011-11,Poland,1361.23,2,2,941,2011,0.00,1361.23,680.62
2011-11,Portugal,2336.90,9,7,1082,2011,1242.49,1094.41,259.66
2011-11,Spain,5044.96,12,11,2564,2011,758.05,4286.91,420.41
2011-11,Sweden,1454.47,5,5,995,2011,511.69,942.78,290.89
2011-11,Switzerland,7319.84,5,4,3362,2011,5959.12,1360.72,1463.97
2011-11,United Kingdom,760603.89,2301,1477,410372,2011,105323.89,655280.00,330.55
2011-12,Austria,523.20,1,1,144,2011,0.00,523.20,523.20
2011-12,Belgium,1288.73,4,4,1093,2011,0.00,1288.73,322.18
2011-12,Channel Islands,198.40,1,1,60,2011,0.00,198.40,198.40
2011-12,Denmark,138.30,1,1,112,2011,138.30,0.00,138.30
2011-12,EIRE,6665.72,9,1,3879,2011,0.00,6665.72,740.64
2011-12,Finland,262.76,2,2,130,2011,104.00,158.76,131.38
2011-12,France,6261.08,17,17,3543,2011,242.44,6018.64,368.30
2011-12,Germany,5997.99,17,12,3558,2011,794.55,5203.44,352.82
2011-12,Greece,545.99,1,1,233,2011,545.99,0.00,545.99
2011-12,Iceland,224.82,1,1,192,2011,0.00,224.82,224.82
2011-12,Italy,200.45,1,1,45,2011,0.00,200.45,200.45
2011-12,Netherlands,3049.74,2,1,966,2011,0.00,3049.74,1524.87
2011-12,Norway,2292.34,3,2,1414,2011,0.00,2292.34,764.11
2011-12,Portugal,2156.99,4,4,1195,2011,0.00,2156.99,539.25
2011-12,Spain,288.21,2,2,273,2011,144.06,144.15,144.11
2011-12,Sweden,238.00,1,1,40,2011,0.00,238.00,238.00
2011-12,USA,791.64,2,2,460,2011,269.96,521.68,395.82
2011-12,United Kingdom,210703.19,677,548,119052,2011,7312.16,203391.03,311.23
