Month,Revenue,Orders,ActiveCustomers,Units,AOV,Year,CompleteMonth
2010-12,413866.43,1333,857,197715,310.48,2010,False
2011-01,339967.73,945,719,174142,359.75,2011,True
2011-02,318671.99,948,731,157355,336.15,2011,True
2011-03,423255.43,1260,949,214397,335.92,2011,True
2011-04,342940.86,1079,826,184913,317.83,2011,True
2011-05,483665.18,1477,1030,236549,327.46,2011,True
2011-06,417031.60,1330,965,219034,313.56,2011,True
2011-07,410680.75,1268,929,232850,323.88,2011,True
2011-08,428833.88,1202,902,239084,356.77,2011,True
2011-09,657406.00,1669,1233,356150,393.89,2011,True
2011-10,706687.61,1825,1341,377054,387.23,2011,True
2011-11,881270.87,2553,1628,470019,345.19,2011,True
2011-12,241827.55,746,602,136389,324.17,2011,False
